77	192.168.55.203	192.168.55.187	62726f2c207768617420796f7520757020746f3f
94	192.168.55.187	192.168.55.203	6e326d68
107	192.168.55.187	192.168.55.203	7768793f
250	192.168.55.203	192.168.55.187	796f75206469646e27742073656e642074686174207468696e6720796574
287	192.168.55.187	192.168.55.203	6f682e2e2e2077656c6c2c206e6f74206f7665722074686973
358	192.168.55.203	192.168.55.187	6966206e6f7420746869732c207468656e20776861743f
415	192.168.55.187	192.168.55.203	6c657427732075736520637279707463617420696e7374656164
458	192.168.55.203	192.168.55.187	616e6f74686572207468696e6720746f20696e7374616c6c3f
501	192.168.55.203	192.168.55.187	6d616e2e2e2e206e6f206f6e652063616e207365652074686973
585	192.168.55.187	192.168.55.203	7374696c6c2e2e2e207261746865722075736520656e6372797074696f6e
611	192.168.55.187	192.168.55.203	7765206e65656420746f207069636b2061206b657920746f20757365
648	192.168.55.203	192.168.55.187	49206b6e6f77206a75737420746865206f6e65
707	192.168.55.203	192.168.55.187	416e67656c612042656e6e657474207573657320697420746f206c6f6720696e746f20746865204265746865736461204e6176616c20486f73706974616c
740	192.168.55.187	192.168.55.203	576861743f204f682c2074686174206f6c64207468696e673f
761	192.168.55.187	192.168.55.203	48616e67206f6e2c206c656d6d65206c6f6f6b206974207570
3749	192.168.55.187	192.168.55.203	6f6b61792c204920666f756e642069742e2075736520746865206d65746173706c6f697420706f727420746f2072656365697665
3904	192.168.55.203	192.168.55.187	6c697374656e65722069732075702e2073656e642069742e
3993	192.168.55.187	192.168.55.203	6f6b61792c20697427732073656e74
4036	192.168.55.187	192.168.55.203	3731383166346434356465303061653335623663663832303163386438353262
4081	192.168.55.203	192.168.55.187	6861736820697320676f6f64
